[
  {
    "2010": 18.9,
    "2011": 19.04,
    "2012": 18.5,
    "2013": 17.8,
    "2014": 17.5,
    "2015": 18.12,
    "2016": 17.93,
    "2017": 18.4,
    "2018": 18.22,
    "2019": 17.67,
    "kode": 1101,
    "kabupaten": "Simeulue"
  },
  {
    "2010": 19.9,
    "2011": 19.94,
    "2012": 19.38,
    "2013": 20.7,
    "2014": 20,
    "2015": 24.84,
    "2016": 25.09,
    "2017": 26.27,
    "2018": 25.74,
    "2019": 25.66,
    "kode": 1102,
    "kabupaten": "Aceh Singkil"
  },
  {
    "2010": 32.2,
    "2011": 32.27,
    "2012": 31.45,
    "2013": 29.3,
    "2014": 28.4,
    "2015": 29.61,
    "2016": 30.68,
    "2017": 32.51,
    "2018": 32.82,
    "2019": 31.06,
    "kode": 1103,
    "kabupaten": "Aceh Selatan"
  },
  {
    "2010": 30,
    "2011": 30.16,
    "2012": 29.41,
    "2013": 27.8,
    "2014": 27.1,
    "2015": 30.14,
    "2016": 29.39,
    "2017": 30.84,
    "2018": 30.2,
    "2019": 28.93,
    "kode": 1104,
    "kabupaten": "Aceh Tenggara"
  },
  {
    "2010": 66.5,
    "2011": 66.74,
    "2012": 64.95,
    "2013": 64.4,
    "2014": 63,
    "2015": 63.48,
    "2016": 61.63,
    "2017": 63.67,
    "2018": 61.64,
    "2019": 62.79,
    "kode": 1105,
    "kabupaten": "Aceh Timur"
  },
  {
    "2010": 35.3,
    "2011": 35.37,
    "2012": 34.47,
    "2013": 33.6,
    "2014": 32.8,
    "2015": 34.26,
    "2016": 33.16,
    "2017": 34.24,
    "2018": 32.31,
    "2019": 32.78,
    "kode": 1106,
    "kabupaten": "Aceh Tengah"
  },
  {
    "2010": 42.4,
    "2011": 42.49,
    "2012": 41.38,
    "2013": 44.3,
    "2014": 43.9,
    "2015": 41.36,
    "2016": 40.11,
    "2017": 40.72,
    "2018": 39.56,
    "2019": 39.29,
    "kode": 1107,
    "kabupaten": "Aceh Barat"
  },
  {
    "2010": 66.2,
    "2011": 66.34,
    "2012": 64.56,
    "2013": 63.9,
    "2014": 62.4,
    "2015": 62.27,
    "2016": 62.03,
    "2017": 62.72,
    "2018": 60.08,
    "2019": 58.9,
    "kode": 1108,
    "kabupaten": "Aceh Besar"
  },
  {
    "2010": 90.2,
    "2011": 90.39,
    "2012": 88.02,
    "2013": 85.8,
    "2014": 83.7,
    "2015": 88.22,
    "2016": 90.16,
    "2017": 92.35,
    "2018": 89.53,
    "2019": 86.29,
    "kode": 1109,
    "kabupaten": "Pi d i e"
  },
  {
    "2010": 76.1,
    "2011": 76.26,
    "2012": 74.3,
    "2013": 73.9,
    "2014": 72.2,
    "2015": 73.14,
    "2016": 70.44,
    "2017": 71.54,
    "2018": 65.74,
    "2019": 63.6,
    "kode": 1110,
    "kabupaten": "Bireuen"
  },
  {
    "2010": 124.4,
    "2011": 124.66,
    "2012": 121.42,
    "2013": 115.4,
    "2014": 112.7,
    "2015": 111.44,
    "2016": 115.05,
    "2017": 118.74,
    "2018": 111.27,
    "2019": 107.34,
    "kode": 1111,
    "kabupaten": "Aceh Utara"
  },
  {
    "2010": 25.2,
    "2011": 25.25,
    "2012": 24.64,
    "2013": 25.7,
    "2014": 25,
    "2015": 25.93,
    "2016": 25.73,
    "2017": 26.57,
    "2018": 25.23,
    "2019": 24.36,
    "kode": 1112,
    "kabupaten": "Aceh Barat Daya"
  },
  {
    "2010": 19,
    "2011": 19.14,
    "2012": 18.6,
    "2013": 19,
    "2014": 18.6,
    "2015": 19.32,
    "2016": 19.48,
    "2017": 19.91,
    "2018": 19.09,
    "2019": 18.63,
    "kode": 1113,
    "kabupaten": "Gayo Lues"
  },
  {
    "2010": 45.2,
    "2011": 45.3,
    "2012": 44.11,
    "2013": 40.8,
    "2014": 39.9,
    "2015": 40.38,
    "2016": 40.88,
    "2017": 42.01,
    "2018": 41.21,
    "2019": 39.35,
    "kode": 1114,
    "kabupaten": "Aceh Tamiang"
  },
  {
    "2010": 33.4,
    "2011": 33.57,
    "2012": 32.72,
    "2013": 32.7,
    "2014": 31.9,
    "2015": 31.32,
    "2016": 30.31,
    "2017": 31.06,
    "2018": 31.06,
    "2019": 29.93,
    "kode": 1115,
    "kabupaten": "Nagan Raya"
  },
  {
    "2010": 15.6,
    "2011": 15.63,
    "2012": 15.19,
    "2013": 14.6,
    "2014": 14.2,
    "2015": 13.85,
    "2016": 13.1,
    "2017": 13.23,
    "2018": 12.85,
    "2019": 12.35,
    "kode": 1116,
    "kabupaten": "Aceh Jaya"
  },
  {
    "2010": 32.1,
    "2011": 32.17,
    "2012": 31.35,
    "2013": 30.9,
    "2014": 30.2,
    "2015": 29.31,
    "2016": 29.82,
    "2017": 29.99,
    "2018": 29.08,
    "2019": 28.45,
    "kode": 1117,
    "kabupaten": "Bener Meriah"
  },
  {
    "2010": 34.7,
    "2011": 34.77,
    "2012": 33.89,
    "2013": 32.6,
    "2014": 31.9,
    "2015": 31.81,
    "2016": 31.94,
    "2017": 33.6,
    "2018": 31.72,
    "2019": 30.97,
    "kode": 1118,
    "kabupaten": "Pidie Jaya"
  },
  {
    "2010": 20.8,
    "2011": 20.84,
    "2012": 20.25,
    "2013": 19.4,
    "2014": 19.4,
    "2015": 19.3,
    "2016": 18.8,
    "2017": 19.23,
    "2018": 19.13,
    "2019": 19.42,
    "kode": 1171,
    "kabupaten": "Banda Aceh"
  },
  {
    "2010": 6.6,
    "2011": 6.71,
    "2012": 6.52,
    "2013": 5.9,
    "2014": 5.6,
    "2015": 5.86,
    "2016": 5.81,
    "2017": 5.98,
    "2018": 5.62,
    "2019": 5.43,
    "kode": 1172,
    "kabupaten": "Sabang"
  },
  {
    "2010": 22.4,
    "2011": 22.45,
    "2012": 21.81,
    "2013": 20.3,
    "2014": 19.8,
    "2015": 19.22,
    "2016": 18.63,
    "2017": 19.2,
    "2018": 18.73,
    "2019": 18.62,
    "kode": 1173,
    "kabupaten": "Langsa"
  },
  {
    "2010": 24,
    "2011": 24.15,
    "2012": 23.56,
    "2013": 23,
    "2014": 22.5,
    "2015": 23.15,
    "2016": 23.28,
    "2017": 24.4,
    "2018": 23.88,
    "2019": 23.05,
    "kode": 1174,
    "kabupaten": "Lhokseumawe"
  },
  {
    "2010": 16.4,
    "2011": 16.53,
    "2012": 16.07,
    "2013": 15,
    "2014": 14.6,
    "2015": 15.25,
    "2016": 14.99,
    "2017": 15.44,
    "2018": 14.78,
    "2019": 14.56,
    "kode": 1175,
    "kabupaten": "Subulussalam"
  }
]